{
  "auc": 0.577131240852171,
  "brier": 0.24098779261112213,
  "n_train": 3192,
  "n_test": 798
}